{
  "Pre-Malignos": {
    "precision": 0.9434889434889435,
    "recall": 0.96,
    "f1-score": 0.9516728624535316,
    "support": 800.0
  },
  "Benignos": {
    "precision": 0.9592875318066157,
    "recall": 0.9425,
    "f1-score": 0.9508196721311475,
    "support": 800.0
  },
  "accuracy": 0.95125,
  "macro avg": {
    "precision": 0.9513882376477796,
    "recall": 0.9512499999999999,
    "f1-score": 0.9512462672923395,
    "support": 1600.0
  },
  "weighted avg": {
    "precision": 0.9513882376477796,
    "recall": 0.95125,
    "f1-score": 0.9512462672923395,
    "support": 1600.0
  }
}