{
  "train_loss": [
    0.3734998542163521,
    0.22695062204264105,
    0.151408628532663,
    0.10210965365171433,
    0.07313296374864876,
    0.06790347961708904,
    0.0501112256757915,
    0.041771341310814024,
    0.03232495940290391,
    0.04505801998078823,
    0.04402214637957513,
    0.03137093211524188,
    0.03219649855978787,
    0.021562662152573468,
    0.01159029140137136
  ],
  "val_loss": [
    0.2615358586795628,
    0.2244321280065924,
    0.17820543433190322,
    0.17457438841229306,
    0.17238507689791732,
    0.21022750893142075,
    0.2554545128205791,
    0.16388413256267087,
    0.15053266404362148,
    0.1790782033506548,
    0.13241336938692258,
    0.2200795626407489,
    0.1527907621639315,
    0.16498644461331424,
    0.1420920522423694
  ],
  "train_acc": [
    0.832734375,
    0.9121875,
    0.943671875,
    0.963515625,
    0.97390625,
    0.97703125,
    0.982578125,
    0.9846875,
    0.9884375,
    0.984609375,
    0.98546875,
    0.9896875,
    0.989140625,
    0.992578125,
    0.99609375
  ],
  "val_acc": [
    0.88625,
    0.9025,
    0.931875,
    0.93,
    0.9375,
    0.929375,
    0.91375,
    0.93875,
    0.95125,
    0.945,
    0.94875,
    0.926875,
    0.9425,
    0.946875,
    0.9475
  ],
  "val_f1": [
    0.8862492890580567,
    0.9024742471058764,
    0.9318653919556625,
    0.9299719887955182,
    0.9374984374609365,
    0.9293577533577533,
    0.9132942529168944,
    0.9387384177321025,
    0.9512462672923395,
    0.944968959053466,
    0.9487460758714339,
    0.9267541156791972,
    0.94243442921703,
    0.9468733190386103,
    0.9474158653846154
  ]
}