{
  "Benignos": {
    "precision": 0.8512696493349455,
    "recall": 0.88,
    "f1-score": 0.8653964351567301,
    "support": 800.0
  },
  "Malignos": {
    "precision": 0.8758085381630013,
    "recall": 0.84625,
    "f1-score": 0.8607755880483153,
    "support": 800.0
  },
  "accuracy": 0.863125,
  "macro avg": {
    "precision": 0.8635390937489734,
    "recall": 0.8631249999999999,
    "f1-score": 0.8630860116025227,
    "support": 1600.0
  },
  "weighted avg": {
    "precision": 0.8635390937489734,
    "recall": 0.863125,
    "f1-score": 0.8630860116025229,
    "support": 1600.0
  }
}