{
  "train_loss": [
    0.5408564205467701,
    0.4064493776485324,
    0.29732781674712894,
    0.20594779442064465,
    0.15069042291492224,
    0.058953669043257835,
    0.03596725660376251,
    0.02485261393710971,
    0.01301265145651996,
    0.00585821695625782,
    0.008584245899692177,
    0.0027927129063755273,
    0.0024217058345675467,
    0.0024910202529281377,
    0.0023564602341502906
  ],
  "val_loss": [
    0.46278732500970365,
    0.41192908827215435,
    0.41494129922240974,
    0.48331814457662403,
    0.4241132895788178,
    0.417555863596499,
    0.4690955343935639,
    0.5011134740174747,
    0.46432445613201706,
    0.524043493316276,
    0.5448647342645563,
    0.5841225493204547,
    0.624218246549135,
    0.6064670180494431,
    0.6489682508935221
  ],
  "train_acc": [
    0.7246875,
    0.814765625,
    0.876796875,
    0.91734375,
    0.945703125,
    0.98,
    0.988515625,
    0.9921875,
    0.9959375,
    0.9978125,
    0.997421875,
    0.998984375,
    0.999296875,
    0.999375,
    0.999296875
  ],
  "val_acc": [
    0.774375,
    0.81875,
    0.825625,
    0.826875,
    0.831875,
    0.853125,
    0.850625,
    0.861875,
    0.863125,
    0.86,
    0.85375,
    0.855,
    0.855625,
    0.855,
    0.859375
  ],
  "val_f1": [
    0.7724542830478047,
    0.8181222375354935,
    0.8256216622896297,
    0.8247300657143615,
    0.8317171691105604,
    0.853089133089133,
    0.850615138264987,
    0.8618628590403454,
    0.8630860116025227,
    0.8599124452782989,
    0.8537051972166476,
    0.8549816461145864,
    0.8554781635560192,
    0.854994335716239,
    0.8593349434272495
  ]
}