{
  "Malignos": {
    "precision": 0.9467821782178217,
    "recall": 0.95625,
    "f1-score": 0.9514925373134329,
    "support": 800.0
  },
  "Pre-Malignos": {
    "precision": 0.9558080808080808,
    "recall": 0.94625,
    "f1-score": 0.9510050251256281,
    "support": 800.0
  },
  "accuracy": 0.95125,
  "macro avg": {
    "precision": 0.9512951295129513,
    "recall": 0.95125,
    "f1-score": 0.9512487812195305,
    "support": 1600.0
  },
  "weighted avg": {
    "precision": 0.9512951295129513,
    "recall": 0.95125,
    "f1-score": 0.9512487812195306,
    "support": 1600.0
  }
}