{
  "train_loss": [
    0.4312773184478283,
    0.254040488936007,
    0.14537066883407535,
    0.10660134551115334,
    0.08100598640739917,
    0.029719284074380993,
    0.01768767783418298,
    0.019200351517647506,
    0.017895853715017437,
    0.01474142293445766,
    0.015614828104153275,
    0.006708385087549686,
    0.001581016480922699,
    0.0030450907070189714,
    0.007703763153403998,
    0.0024392258562147616,
    0.0014087726548314096,
    0.0006567397061735392,
    0.0004521869868040085,
    0.000579347787424922,
    0.000481784176081419,
    0.0002645146381109953,
    0.00016578047536313533,
    0.0003696652874350548,
    0.00018210195004940034,
    0.00018987209536135195,
    8.654991164803504e-05,
    0.00022214134223759175
  ],
  "val_loss": [
    0.3391159990709275,
    0.23781336791813373,
    0.2497703513572924,
    0.25463741288287567,
    0.2907400571706239,
    0.18969040873940685,
    0.18870796807386797,
    0.1867804588243598,
    0.226113781350723,
    0.2059662691613994,
    0.20523559715642478,
    0.17942509914591936,
    0.20664943462927568,
    0.22264183785766364,
    0.215957693718301,
    0.19377206784118242,
    0.20410819850232656,
    0.20550421661462678,
    0.2077834871995492,
    0.20920556400914392,
    0.20967472022497533,
    0.19743507303130173,
    0.21270069638730094,
    0.21329761146449527,
    0.2208413311117056,
    0.20902002117254598,
    0.21174175006370205,
    0.20226398092076125
  ],
  "train_acc": [
    0.80046875,
    0.901875,
    0.944296875,
    0.9640625,
    0.971640625,
    0.990703125,
    0.994453125,
    0.993671875,
    0.9940625,
    0.995078125,
    0.9959375,
    0.998359375,
    0.9996875,
    0.998984375,
    0.997109375,
    0.999296875,
    0.9996875,
    0.999921875,
    0.99984375,
    0.999765625,
    0.999921875,
    0.999921875,
    1.0,
    0.999921875,
    1.0,
    1.0,
    1.0,
    0.999921875
  ],
  "val_acc": [
    0.850625,
    0.90125,
    0.89875,
    0.905,
    0.92,
    0.93375,
    0.94125,
    0.935625,
    0.92375,
    0.926875,
    0.931875,
    0.94375,
    0.935625,
    0.94,
    0.9375,
    0.94125,
    0.94,
    0.9475,
    0.948125,
    0.946875,
    0.9475,
    0.95125,
    0.948125,
    0.9475,
    0.950625,
    0.94625,
    0.94875,
    0.950625
  ],
  "val_f1": [
    0.8501402387958863,
    0.9011752637932436,
    0.8987398739873987,
    0.9048178153496929,
    0.9199087710845635,
    0.9337416141730438,
    0.9412499082029815,
    0.9356249748535058,
    0.9236564791870041,
    0.9268358743406142,
    0.9318494169100198,
    0.9437443744374437,
    0.9356116947603625,
    0.9399966248101456,
    0.9374902328488826,
    0.9412388904777309,
    0.939995405898264,
    0.9475,
    0.9481225479798069,
    0.9468748132317653,
    0.9475,
    0.9512487812195305,
    0.9481225479798069,
    0.9474762822587075,
    0.9506129426129426,
    0.9462469763924221,
    0.9487448744874487,
    0.9506234376947083
  ]
}